TOWNCODE,COUNTYNAME,TOWNNAME,households,population,male,female,high_count,medium_count,low_count,safe_count,high_capacity,medium_capacity,low_capacity,safe_capacity,risk_capacity,required_safe_capacity,capacity_gap,gap_flag
65000010,新北市,板橋區,238569,549515,265180,284335,10,12,9,0,11129,13982,12498,0,37609,109903.0,109903.0,True
68000010,桃園市,桃園區,209386,478629,229534,249095,25,19,10,2,13049,4165,8400,154,25614,95725.8,95571.8,True
68000020,桃園市,中壢區,190770,439290,213576,225714,52,20,22,0,35254,9190,14528,0,58972,87858.0,87858.0,True
65000050,新北市,新莊區,177321,420922,203732,217190,17,10,9,0,12743,6443,6862,0,26048,84184.4,84184.4,True
65000030,新北市,中和區,183037,403396,193400,209996,1,9,12,0,92,11211,16182,0,27485,80679.2,80679.2,True
65000020,新北市,三重區,172913,382749,186440,196309,8,14,14,0,8821,6112,15085,0,30018,76549.8,76549.8,True
64000120,高雄市,鳳山區,154865,352745,170690,182055,13,12,11,0,11856,12416,14274,0,38546,70549.0,70549.0,True
64000050,高雄市,三民區,149899,328532,156619,171913,24,7,7,0,20328,4909,9480,0,34717,65706.4,65706.4,True
66000080,臺中市,北屯區,137901,317532,150057,167475,17,12,3,0,16026,12244,1433,0,29703,63506.4,63506.4,True
65000060,新北市,新店區,143782,306636,146119,160517,26,7,1,0,26112,13423,250,0,39785,61327.2,61327.2,True
63000100,臺北市,內湖區,112145,267345,126144,141201,10,12,4,0,6338,2263,346,0,8947,53469.0,53469.0,True
63000110,臺北市,士林區,109413,257504,123054,134450,23,3,7,0,3598,284,331,0,4213,51500.8,51500.8,True
63000080,臺北市,文山區,110769,253272,119803,133469,24,6,2,0,3553,787,161,0,4501,50654.4,50654.4,True
66000060,臺中市,西屯區,105338,237978,112782,125196,6,9,8,0,4957,8683,7099,0,20739,47595.6,47595.6,True
65000130,新北市,土城區,102213,242735,118233,124502,9,2,8,6,4457,1330,6848,1216,12635,48547.0,47331.0,True
67000310,臺南市,永康區,98870,235963,115177,120786,8,8,13,0,1364,17957,43663,0,62984,47192.6,47192.6,True
63000120,臺北市,北投區,101256,235258,111663,123595,19,5,2,2,6335,472,40,50,6847,47051.6,47001.6,True
68000100,桃園市,平鎮區,90408,227870,112205,115665,23,25,0,0,3745,4125,0,0,7870,45574.0,45574.0,True
63000030,臺北市,大安區,120735,281679,129814,151865,4,1,10,42,739,62,48667,11547,49468,56335.8,44788.8,True
10018010,新竹市,東區,92413,222153,109629,112524,11,15,6,0,26372,35235,7725,0,69332,44430.6,44430.6,True
10004010,新竹縣,竹北市,90551,221005,109740,111265,7,5,0,0,5385,3350,0,0,8735,44201.0,44201.0,True
10007010,彰化縣,彰化市,85276,220067,107746,112321,9,8,6,0,634,2113,998,0,3745,44013.4,44013.4,True
68000080,桃園市,八德區,88392,216054,106534,109520,13,23,36,1,1193,1861,3888,75,6942,43210.8,43135.8,True
65000110,新北市,汐止區,102449,212807,102934,109873,21,2,1,0,15795,1343,203,0,17341,42561.4,42561.4,True
65000040,新北市,永和區,95788,211205,99363,111842,7,6,3,0,4273,10115,2878,0,17266,42241.0,42241.0,True
66000280,臺中市,大里區,80747,210922,102458,108464,24,14,3,0,9900,11645,920,0,22465,42184.4,42184.4,True
63000040,臺北市,中山區,103465,211649,96630,115019,10,1,9,3,1143,2432,1384,371,4959,42329.8,41958.8,True
65000100,新北市,淡水區,106666,208573,98708,109865,16,11,2,2,9010,6660,200,130,15870,41714.6,41584.6,True
66000270,臺中市,太平區,79836,201696,98915,102781,13,11,0,0,27081,15883,0,0,42964,40339.2,40339.2,True
64000030,高雄市,左營區,89350,197644,93363,104281,15,12,1,0,9783,3502,1018,0,14303,39528.8,39528.8,True
65000140,新北市,蘆洲區,78932,196186,95650,100536,1,8,11,0,58,2208,12896,0,15162,39237.2,39237.2,True
64000040,高雄市,楠梓區,86242,195569,95063,100506,20,3,1,0,14832,2145,157,0,17134,39113.8,39113.8,True
10013010,屏東縣,屏東市,80690,191218,93329,97889,17,8,3,0,20283,8136,3132,0,31551,38243.6,38243.6,True
68000070,桃園市,龜山區,87198,188562,92406,96156,21,8,0,0,3924,1845,0,0,5769,37712.4,37712.4,True
63000010,臺北市,松山區,81150,187065,86893,100172,8,4,6,0,865,2976,2365,0,6206,37413.0,37413.0,True
66000070,臺中市,南屯區,80167,186106,88015,98091,9,2,0,0,4070,300,0,0,4370,37221.2,37221.2,True
65000070,新北市,樹林區,71908,177130,87712,89418,6,12,2,0,3272,9903,1669,0,14844,35426.0,35426.0,True
64000090,高雄市,前鎮區,82669,176568,85742,90826,10,7,4,0,9825,4800,3917,0,18542,35313.6,35313.6,True
63000020,臺北市,信義區,90929,201012,94274,106738,1,5,10,5,97,501,3583,4893,4181,40202.4,35309.4,True
68000040,桃園市,楊梅區,74546,182936,91109,91827,8,7,2,3,1920,2800,200,2150,4920,36587.2,34437.2,True
68000050,桃園市,蘆竹區,70400,170423,83683,86740,17,2,1,0,2630,400,0,0,3030,34084.6,34084.6,True
63000070,臺北市,萬華區,81258,168261,81124,87137,7,12,0,0,34352,1497,0,0,35849,33652.2,33652.2,True
67000320,臺南市,東區,79243,180556,85470,95086,2,3,11,5,1950,1880,13750,4020,17580,36111.2,32091.199999999997,True
66000090,臺中市,豐原區,60549,161597,79105,82492,6,13,13,3,1450,2350,4090,715,7890,32319.4,31604.4,True
67000350,臺南市,安南區,78741,204659,102278,102381,4,9,13,15,858,4513,6741,10091,12112,40931.8,30840.800000000003,True
10018020,新竹市,北區,65589,154124,75045,79079,5,5,3,0,8325,11070,2505,0,21900,30824.8,30824.8,True
66000050,臺中市,北區,67668,143563,67806,75757,7,3,0,0,3330,2480,0,0,5810,28712.6,28712.6,True
63000050,臺北市,中正區,65826,143821,67763,76058,5,4,8,3,461,484,9037,90,9982,28764.2,28674.2,True
64000020,高雄市,鼓山區,64821,140585,66688,73897,7,6,0,0,5159,5166,0,0,10325,28117.0,28117.0,True
64000110,高雄市,小港區,72024,153274,75276,77998,1,1,8,6,1255,300,3720,2701,5275,30654.8,27953.8,True
65000170,新北市,林口區,61096,138630,66995,71635,5,15,6,0,5518,12776,4071,0,22365,27726.0,27726.0,True
64000080,高雄市,苓雅區,77308,160900,76055,84845,2,1,9,2,2193,855,8209,5058,11257,32180.0,27122.0,True
66000030,臺中市,南區,57973,128261,60821,67440,3,9,1,0,590,12037,544,0,13171,25652.2,25652.2,True
68000090,桃園市,龍潭區,51141,127235,63015,64220,19,16,4,0,6445,9590,1550,0,17585,25447.0,25447.0,True
67000340,臺南市,北區,55821,125370,60377,64993,5,7,9,0,4350,2205,10401,0,16956,25074.0,25074.0,True
10020020,嘉義市,西區,60129,145047,69878,75169,3,2,8,8,957,378,3964,5211,5299,29009.4,23798.4,True
63000060,臺北市,大同區,54543,116438,55519,60919,9,7,2,0,2958,814,130,0,3902,23287.6,23287.6,True
65000090,新北市,三峽區,49137,115090,57124,57966,15,4,0,0,8340,3465,0,0,11805,23018.0,23018.0,True
10007100,彰化縣,員林市,46321,122013,59903,62110,2,0,3,9,330,0,600,1560,930,24402.6,22842.6,True
66000040,臺中市,西區,51493,113237,52950,60287,3,2,2,0,300,150,150,0,600,22647.4,22647.4,True
10020010,嘉義市,東區,48856,116482,55101,61381,3,6,12,2,870,1300,3537,1030,5707,23296.4,22266.4,True
63000090,臺北市,南港區,49512,111175,53499,57676,13,3,0,0,17596,665,0,0,18261,22235.0,22235.0,True
66000170,臺中市,潭子區,42428,109275,53629,55646,1,9,5,0,50,1533,3080,0,4663,21855.0,21855.0,True
10009010,雲林縣,斗六市,44567,108937,53388,55549,15,10,1,0,3540,2260,1000,0,6800,21787.4,21787.4,True
10005050,苗栗縣,頭份市,43531,108294,54555,53739,16,11,3,0,2275,1475,490,0,4240,21658.8,21658.8,True
64000140,高雄市,大寮區,47722,112107,56587,55520,3,12,17,8,320,1290,3130,1930,4740,22421.4,20491.4,True
10014010,臺東縣,臺東市,43563,102558,50529,52029,4,11,3,1,153,437,188,27,778,20511.6,20484.6,True
64000170,高雄市,仁武區,44396,100418,50292,50126,6,3,3,0,4128,1079,2782,0,7989,20083.6,20083.6,True
10004020,新竹縣,竹東鎮,39770,97844,49250,48594,10,1,1,0,5601,800,600,0,7001,19568.8,19568.8,True
10008030,南投縣,草屯鎮,37951,97839,48715,49124,21,24,7,0,1710,2700,690,0,5100,19567.8,19567.8,True
10015010,花蓮縣,花蓮市,43447,96542,46045,50497,11,15,2,0,2371,3867,381,0,6619,19308.4,19308.4,True
10008010,南投縣,南投市,38344,96077,47668,48409,28,2,7,0,5150,350,1000,0,6500,19215.4,19215.4,True
65000150,新北市,五股區,41255,94818,47119,47699,10,1,2,0,4967,146,473,0,5586,18963.6,18963.6,True
10002010,宜蘭縣,宜蘭市,41175,94396,45765,48631,19,8,13,0,2114,1314,1820,0,5248,18879.2,18879.2,True
68000030,桃園市,大溪區,37707,93701,47400,46301,13,8,2,0,1715,475,120,0,2310,18740.2,18740.2,True
10005040,苗栗縣,竹南鎮,36711,91494,45937,45557,7,5,2,0,7100,1850,800,0,9750,18298.8,18298.8,True
64000190,高雄市,岡山區,38287,94519,46449,48070,7,4,1,2,1380,3550,1796,719,6726,18903.8,18184.8,True
68000060,桃園市,大園區,37878,90014,45495,44519,13,3,0,0,5740,900,0,0,6640,18002.8,18002.8,True
65000080,新北市,鶯歌區,37182,89435,44586,44849,8,6,1,0,5038,3651,1284,0,9973,17887.0,17887.0,True
66000120,臺中市,清水區,35747,90585,46068,44517,3,5,9,1,390,1085,1990,250,3465,18117.0,17867.0,True
66000130,臺中市,沙鹿區,39118,101540,50704,50836,2,3,23,8,257,1643,5715,2892,7615,20308.0,17416.0,True
10005010,苗栗縣,苗栗市,35255,85671,42322,43349,4,4,17,0,455,355,2055,0,2865,17134.2,17134.2,True
10004050,新竹縣,湖口鄉,35175,85086,42822,42264,9,7,3,0,1712,455,500,0,2667,17017.2,17017.2,True
10015050,花蓮縣,吉安鄉,35250,82938,41063,41875,7,4,10,1,2285,378,783,53,3446,16587.6,16534.6,True
66000230,臺中市,烏日區,33455,82190,40630,41560,9,5,0,0,6150,1300,0,0,7450,16438.0,16438.0,True
10017060,基隆市,安樂區,36768,79749,39107,40642,16,2,0,0,1927,157,0,0,2084,15949.8,15949.8,True
10018030,新竹市,香山區,31527,79684,40247,39437,14,1,2,0,29325,1625,7830,0,38780,15936.8,15936.8,True
66000250,臺中市,龍井區,29583,79263,39695,39568,10,1,5,2,750,100,800,135,1650,15852.6,15717.6,True
65000160,新北市,泰山區,32470,78118,38330,39788,10,6,0,0,6687,4737,0,0,11424,15623.6,15623.6,True
66000020,臺中市,東區,33903,77762,38053,39709,5,3,0,0,3900,1900,0,0,5800,15552.4,15552.4,True
68000120,桃園市,觀音區,31982,77734,39940,37794,9,2,0,0,500,100,0,0,600,15546.8,15546.8,True
67000270,臺南市,仁德區,32370,77479,38799,38680,1,1,3,0,570,480,6780,0,7830,15495.8,15495.8,True
67000370,臺南市,中西區,34599,75577,36373,39204,9,5,7,0,2522,1140,4400,0,8062,15115.4,15115.4,True
10008020,南投縣,埔里鎮,30922,75635,37305,38330,15,9,15,1,1180,2735,900,22,4815,15127.0,15105.0,True
67000010,臺南市,新營區,31963,74481,36385,38096,3,4,9,0,1650,2450,5342,0,9442,14896.2,14896.2,True
66000110,臺中市,大甲區,26703,72999,36509,36490,5,2,4,0,3816,952,1345,0,6113,14599.8,14599.8,True
67000360,臺南市,安平區,32604,71477,33344,38133,19,1,0,0,6452,102,0,0,6554,14295.4,14295.4,True
67000280,臺南市,歸仁區,27688,70738,35486,35252,0,4,6,0,0,2765,4465,0,7230,14147.6,14147.6,True
10007020,彰化縣,鹿港鎮,28585,82120,41602,40518,4,0,5,16,491,0,477,2439,968,16424.0,13985.0,True
10007030,彰化縣,和美鎮,31660,86499,43943,42556,2,2,14,18,210,160,1640,3560,2010,17299.8,13739.8,True
10009030,雲林縣,虎尾鎮,29718,71255,35635,35620,8,8,14,5,1730,1000,8612,633,11342,14251.0,13618.0,True
64000130,高雄市,林園區,28531,67238,33595,33643,3,2,3,0,1890,1360,4860,0,8110,13447.6,13447.6,True
66000180,臺中市,大雅區,34068,94683,46965,47718,0,1,7,12,0,1580,6869,5699,8449,18936.6,13237.599999999999,True
66000260,臺中市,霧峰區,23049,62494,31686,30808,11,3,1,0,8006,850,1830,0,10686,12498.8,12498.8,True
10002020,宜蘭縣,羅東鎮,28891,68850,32487,36363,1,1,12,10,174,210,3900,1589,4284,13770.0,12181.0,True
10004060,新竹縣,新豐鄉,23603,59877,30677,29200,10,1,2,0,3090,125,125,0,3340,11975.4,11975.4,True
66000140,臺中市,梧棲區,26729,66349,32930,33419,1,4,4,6,250,430,970,1600,1650,13269.8,11669.8,True
67000330,臺南市,南區,50450,118889,58197,60692,3,0,12,2,6717,0,27658,12207,34375,23777.8,11570.8,True
10010050,嘉義縣,民雄鄉,28586,69731,35428,34303,12,5,11,21,876,622,1414,2585,2912,13946.2,11361.2,True
66000240,臺中市,大肚區,20649,55151,27970,27181,0,1,12,0,0,180,1271,0,1451,11030.2,11030.2,True
66000160,臺中市,神岡區,22404,63212,32245,30967,0,1,0,9,0,209,0,1862,209,12642.4,10780.4,True
10013020,屏東縣,潮州鎮,22612,53689,26392,27297,4,4,3,0,1951,2305,735,0,4991,10737.8,10737.8,True
10017070,基隆市,信義區,24420,52445,25733,26712,14,3,0,0,1672,212,0,0,1884,10489.0,10489.0,True
10002080,宜蘭縣,冬山鄉,22341,52904,26677,26227,9,8,4,2,740,720,331,149,1791,10580.8,10431.8,True
10017020,基隆市,七堵區,23435,52121,25951,26170,19,3,0,0,1391,254,0,0,1645,10424.2,10424.2,True
10017010,基隆市,中正區,25796,51486,25811,25675,18,4,0,0,2166,283,0,0,2449,10297.2,10297.2,True
10008040,南投縣,竹山鎮,21012,49773,25319,24454,28,15,3,0,1960,1380,173,0,3513,9954.6,9954.6,True
68000110,桃園市,新屋區,20017,49730,26218,23512,1,0,0,0,0,0,0,0,0,9946.0,9946.0,True
64000060,高雄市,新興區,25119,49328,23370,25958,1,2,3,0,1091,2055,3309,0,6455,9865.6,9865.6,True
10013130,屏東縣,內埔鄉,21368,52702,26808,25894,5,5,4,7,863,1180,480,810,2523,10540.4,9730.4,True
10007110,彰化縣,溪湖鎮,18957,52695,26596,26099,1,1,2,12,30,30,90,820,150,10539.0,9719.0,True
10013050,屏東縣,萬丹鄉,17379,48623,25056,23567,0,2,7,2,0,460,1130,140,1590,9724.6,9584.6,True
10016010,澎湖縣,馬公市,27612,63090,31964,31126,0,0,0,12,0,0,0,3140,0,12618.0,9478.0,True
66000100,臺中市,東勢區,18623,46411,23551,22860,18,6,0,0,47800,3424,0,0,51224,9282.2,9282.2,True
10013030,屏東縣,東港鎮,18760,45809,22897,22912,8,0,0,0,2611,0,0,0,2611,9161.8,9161.8,True
10017050,基隆市,中山區,21358,45445,22895,22550,24,6,1,0,1377,420,120,0,1917,9089.0,9089.0,True
10009130,雲林縣,麥寮鄉,16259,48614,23936,24678,1,3,4,9,50,1045,180,812,1275,9722.8,8910.8,True
67000190,臺南市,善化區,23434,53935,27102,26833,1,2,8,6,270,700,2440,2020,3410,10787.0,8767.0,True
64000180,高雄市,鳥松區,20545,43625,21794,21831,3,2,4,0,1914,210,866,0,2990,8725.0,8725.0,True
65000230,新北市,八里區,19992,43430,21475,21955,9,2,1,0,4575,170,2360,0,7105,8686.0,8686.0,True
64000200,高雄市,橋頭區,19385,43389,21618,21771,1,6,0,0,1105,5536,0,0,6641,8677.8,8677.8,True
10009020,雲林縣,斗南鎮,17983,43285,21821,21464,4,3,0,0,4464,792,0,0,5256,8657.0,8657.0,True
10005020,苗栗縣,苑裡鎮,16861,43139,22456,20683,0,0,0,0,0,0,0,0,0,8627.8,8627.8,True
10007080,彰化縣,花壇鄉,15794,42768,21895,20873,12,4,2,0,895,430,140,0,1465,8553.6,8553.6,True
67000120,臺南市,佳里區,23554,58250,28682,29568,3,3,9,2,4700,3960,13000,3140,21660,11650.0,8510.0,True
10010130,嘉義縣,中埔鄉,16955,41524,21522,20002,31,11,0,0,8070,1700,0,0,9770,8304.8,8304.8,True
67000180,臺南市,新化區,16213,41898,21148,20750,6,5,1,1,2050,1200,1000,80,4250,8379.6,8299.6,True
10007200,彰化縣,二林鎮,17498,46342,23809,22533,13,2,0,10,2267,350,0,1009,2617,9268.4,8259.4,True
67000070,臺南市,麻豆區,17885,42796,21639,21157,0,4,3,2,0,1950,3600,350,5550,8559.2,8209.2,True
10007060,彰化縣,福興鄉,15385,44177,23014,21163,1,0,1,6,100,0,100,800,200,8835.4,8035.4,True
64000150,高雄市,大樹區,15026,39805,20219,19586,9,2,1,0,7211,72,300,0,7583,7961.0,7961.0,True
10017040,基隆市,仁愛區,19177,39608,19382,20226,25,0,0,0,1355,0,0,0,1355,7921.6,7921.6,True
10002090,宜蘭縣,五結鄉,18519,41757,20983,20774,4,3,5,4,439,361,1303,484,2103,8351.4,7867.4,True
10010120,嘉義縣,水上鄉,19761,46751,24100,22651,5,4,5,2,2310,2930,1670,1600,6910,9350.2,7750.200000000001,True
10017030,基隆市,暖暖區,17455,38455,19112,19343,13,0,0,0,1195,0,0,0,1195,7691.0,7691.0,True
67000200,臺南市,新市區,15839,38259,19211,19048,0,2,5,0,0,590,3310,0,3900,7651.8,7651.8,True
10007130,彰化縣,大村鄉,13780,38851,19784,19067,1,2,8,6,50,120,700,330,870,7770.2,7440.2,True
09020010,金門縣,金城鎮,13934,40860,20220,20640,0,0,0,7,0,0,0,790,0,8172.0,7382.0,True
10002030,宜蘭縣,蘇澳鎮,15212,36342,18413,17929,24,7,7,0,1517,557,473,0,2547,7268.4,7268.4,True
65000120,新北市,瑞芳區,16273,35529,17928,17601,19,2,0,0,7309,225,0,0,7534,7105.8,7105.8,True
10009060,雲林縣,北港鎮,16670,36951,18893,18058,8,3,3,3,5000,800,400,300,6200,7390.2,7090.2,True
10009040,雲林縣,西螺鎮,16728,43925,22019,21906,4,6,13,13,270,1350,3470,1850,5090,8785.0,6935.0,True
64000290,高雄市,梓官區,14032,34632,17699,16933,4,6,0,0,710,1590,0,0,2300,6926.4,6926.4,True
10010020,嘉義縣,朴子市,17110,39957,19976,19981,3,5,2,5,4750,1197,238,1069,6185,7991.4,6922.4,True
10002050,宜蘭縣,礁溪鄉,17773,36577,18712,17865,5,5,4,1,874,1406,1939,448,4219,7315.4,6867.4,True
64000160,高雄市,大社區,14515,33672,17005,16667,3,2,0,0,300,700,0,0,1000,6734.4,6734.4,True
10004030,新竹縣,新埔鎮,13792,33490,17845,15645,9,3,0,0,6885,910,0,0,7795,6698.0,6698.0,True
10005060,苗栗縣,後龍鎮,13120,33483,17656,15827,19,2,5,0,4230,390,1100,0,5720,6696.6,6696.6,True
64000300,高雄市,旗山區,14400,33311,17045,16266,4,9,4,0,840,620,210,0,1670,6662.2,6662.2,True
09020040,金門縣,金寧鄉,11714,35191,17583,17608,0,0,0,7,0,0,0,400,0,7038.2,6638.2,True
64000310,高雄市,美濃區,16077,36002,18929,17073,13,1,1,1,15439,533,3091,569,19063,7200.4,6631.4,True
67000290,臺南市,關廟區,12645,33135,16903,16232,5,6,0,0,1195,2085,0,0,3280,6627.0,6627.0,True
10007190,彰化縣,北斗鎮,12538,33031,16555,16476,0,9,1,0,0,2760,440,0,3200,6606.2,6606.2,True
10007170,彰化縣,社頭鄉,14672,40205,20666,19539,2,1,1,5,600,200,150,1450,950,8041.0,6591.0,True
10008060,南投縣,名間鄉,13537,34471,18137,16334,12,1,5,8,530,60,200,320,790,6894.2,6574.2,True
10002070,宜蘭縣,員山鄉,13654,32238,16924,15314,11,3,3,0,708,164,249,0,1121,6447.6,6447.6,True
10010140,嘉義縣,竹崎鄉,12198,32131,17026,15105,31,7,1,2,4920,2450,40,140,7410,6426.2,6286.2,True
10013170,屏東縣,新園鄉,12494,31637,16331,15306,2,1,4,1,150,30,480,100,660,6327.4,6227.4,True
66000210,臺中市,外埔區,11254,30743,15677,15066,1,3,0,0,100,800,0,0,900,6148.6,6148.6,True
10005030,苗栗縣,通霄鎮,11948,30568,16206,14362,5,0,1,0,610,0,200,0,810,6113.6,6113.6,True
10005090,苗栗縣,公館鄉,11574,30443,15831,14612,1,1,0,0,300,300,0,0,600,6088.6,6088.6,True
10010040,嘉義縣,大林鎮,12292,29559,14922,14637,5,4,1,0,2310,3430,500,0,6240,5911.8,5911.8,True
64000250,高雄市,湖內區,12032,29251,14857,14394,3,0,3,0,500,0,330,0,830,5850.2,5850.2,True
10009070,雲林縣,古坑鄉,12230,29149,15164,13985,15,9,0,2,1020,792,0,40,1812,5829.8,5789.8,True
10013040,屏東縣,恆春鎮,12338,28695,14501,14194,3,1,0,0,1820,430,0,0,2250,5739.0,5739.0,True
09020030,金門縣,金湖鎮,10619,30452,15201,15251,0,0,0,9,0,0,0,400,0,6090.4,5690.4,True
10007070,彰化縣,秀水鄉,12930,37270,19221,18049,0,0,9,20,0,0,616,1792,616,7454.0,5662.0,True
64000210,高雄市,燕巢區,11454,28298,14745,13553,6,1,6,0,1495,50,1370,0,2915,5659.6,5659.6,True
10002040,宜蘭縣,頭城鎮,11572,27776,14260,13516,20,2,1,0,1942,142,44,0,2128,5555.2,5555.2,True
64000070,高雄市,前金區,15294,27630,12843,14787,4,1,0,0,4443,25,0,0,4468,5526.0,5526.0,True
10009090,雲林縣,莿桐鄉,10170,27179,14047,13132,2,4,2,0,170,556,363,0,1089,5435.8,5435.8,True
64000230,高雄市,阿蓮區,9962,26702,13365,13337,0,4,0,1,0,980,0,20,980,5340.4,5320.4,True
10007120,彰化縣,田中鎮,14476,38204,19459,18745,0,0,3,13,0,0,351,2325,351,7640.8,5315.8,True
10007230,彰化縣,芳苑鄉,10962,29796,15791,14005,2,0,1,3,550,0,150,650,700,5959.2,5309.2,True
10007050,彰化縣,伸港鄉,12811,38071,19065,19006,0,0,3,15,0,0,140,2380,140,7614.2,5234.2,True
66000150,臺中市,后里區,18780,52714,26445,26269,2,3,8,10,679,450,4650,5316,5779,10542.8,5226.799999999999,True
10004040,新竹縣,關西鎮,9887,25978,13939,12039,9,1,1,0,5270,110,220,0,5600,5195.6,5195.6,True
10007220,彰化縣,埤頭鄉,10107,27927,14419,13508,1,0,3,12,35,0,130,430,165,5585.4,5155.4,True
10010010,嘉義縣,太保市,16116,39875,20052,19823,1,5,7,11,70,1757,500,2820,2327,7975.0,5155.0,True
10013090,屏東縣,里港鄉,9049,24908,12508,12400,2,3,2,0,600,2700,2120,0,5420,4981.6,4981.6,True
67000030,臺南市,白河區,10786,24858,12930,11928,8,6,1,0,2235,746,250,0,3231,4971.6,4971.6,True
64000100,高雄市,旗津區,10540,24837,12686,12151,5,0,0,0,1820,0,0,0,1820,4967.4,4967.4,True
10009050,雲林縣,土庫鎮,10557,27219,14137,13082,4,3,1,4,636,219,67,517,922,5443.8,4926.8,True
10007160,彰化縣,永靖鄉,12246,34136,17630,16506,0,0,0,21,0,0,0,1946,0,6827.2,4881.2,True
64000260,高雄市,茄萣區,10954,28660,14574,14086,1,3,1,2,589,1205,1144,857,2938,5732.0,4875.0,True
67000130,臺南市,學甲區,10305,24339,12470,11869,0,6,2,0,0,1850,270,0,2120,4867.8,4867.8,True
10007140,彰化縣,埔鹽鄉,10934,30002,15830,14172,0,1,3,7,0,150,550,1150,700,6000.4,4850.4,True
10013060,屏東縣,長治鄉,11687,29177,14938,14239,0,0,1,5,0,0,200,1000,200,5835.4,4835.4,True
10007260,彰化縣,溪州鄉,9862,27175,14133,13042,1,1,5,6,42,42,752,658,836,5435.0,4777.0,True
65000180,新北市,深坑區,10703,23605,11735,11870,9,0,0,0,2254,0,0,0,2254,4721.0,4721.0,True
67000140,臺南市,西港區,9691,24834,12497,12337,1,3,7,1,850,560,2140,250,3550,4966.8,4716.8,True
10007210,彰化縣,田尾鄉,9126,25172,13018,12154,8,5,6,5,813,842,478,355,2133,5034.4,4679.4,True
10013100,屏東縣,鹽埔鄉,8527,23040,11953,11087,2,0,2,0,680,0,850,0,1530,4608.0,4608.0,True
66000190,臺中市,新社區,8459,22541,11622,10919,4,4,5,0,266,500,800,0,1566,4508.2,4508.2,True
67000210,臺南市,安定區,11915,29729,15293,14436,0,6,5,6,0,2100,1000,1500,3100,5945.8,4445.8,True
67000020,臺南市,鹽水區,10444,23569,12249,11320,5,3,2,2,1640,960,130,270,2730,4713.8,4443.8,True
65000210,新北市,三芝區,10762,22025,11302,10723,7,1,1,0,2420,319,408,0,3147,4405.0,4405.0,True
64000240,高雄市,路竹區,18012,48841,24746,24095,0,0,6,5,0,0,3635,5389,3635,9768.2,4379.200000000001,True
10013110,屏東縣,高樹鄉,9364,21866,11485,10381,1,0,3,0,0,0,150,0,150,4373.2,4373.2,True
64000010,高雄市,鹽埕區,11154,21835,10717,11118,5,0,0,0,1213,0,0,0,1213,4367.0,4367.0,True
10010090,嘉義縣,東石鄉,8984,21630,11465,10165,10,6,7,0,1960,854,1988,0,4802,4326.0,4326.0,True
10002060,宜蘭縣,壯圍鄉,10334,24513,12769,11744,3,4,3,6,945,402,461,617,1808,4902.6,4285.6,True
10013080,屏東縣,九如鄉,8060,21368,10885,10483,1,1,1,0,129,100,100,0,329,4273.6,4273.6,True
10002100,宜蘭縣,三星鄉,10110,21347,11432,9915,7,6,1,0,1051,698,53,0,1802,4269.4,4269.4,True
10007090,彰化縣,芬園鄉,7556,21307,11177,10130,4,0,0,0,800,0,0,0,800,4261.4,4261.4,True
10015030,花蓮縣,玉里鎮,9150,21195,11092,10103,9,1,2,0,225,40,140,0,405,4239.0,4239.0,True
67000090,臺南市,六甲區,8601,20826,10743,10083,2,6,9,0,450,730,2100,0,3280,4165.2,4165.2,True
67000100,臺南市,官田區,8701,20491,10440,10051,3,7,1,0,680,4550,110,0,5340,4098.2,4098.2,True
10004070,新竹縣,芎林鄉,8241,20368,10784,9584,5,6,1,0,240,230,20,0,490,4073.6,4073.6,True
10015040,花蓮縣,新城鄉,8872,20481,10287,10194,8,4,6,1,529,213,416,23,1158,4096.2,4073.2,True
65000280,新北市,萬里區,7942,20152,9990,10162,15,1,1,0,5414,200,175,0,5789,4030.4,4030.4,True
10010080,嘉義縣,六腳鄉,8785,19976,10641,9335,3,9,2,0,790,3760,3090,0,7640,3995.2,3995.2,True
65000270,新北市,金山區,7659,19672,9710,9962,13,1,0,0,28199,73,0,0,28272,3934.4,3934.4,True
09020020,金門縣,金沙鎮,6988,19802,9747,10055,0,0,0,1,0,0,0,110,0,3960.4,3850.4,True
10013160,屏東縣,枋寮鄉,9035,22273,11505,10768,5,2,0,2,1965,312,0,614,2277,4454.6,3840.6000000000004,True
10013120,屏東縣,萬巒鄉,6985,18597,9695,8902,4,4,2,0,490,650,360,0,1500,3719.4,3719.4,True
67000060,臺南市,東山區,8193,18408,9816,8592,7,4,1,0,599,1210,1000,0,2809,3681.6,3681.6,True
66000010,臺中市,中區,8983,18082,8790,9292,4,1,0,0,2378,1500,0,0,3878,3616.4,3616.4,True
67000040,臺南市,柳營區,8398,19787,10285,9502,3,1,8,1,900,200,2000,400,3100,3957.4,3557.4,True
64000280,高雄市,彌陀區,6982,17700,8981,8719,1,1,3,0,100,50,500,0,650,3540.0,3540.0,True
66000220,臺中市,大安區,6164,17405,9136,8269,2,4,1,0,1625,7599,300,0,9524,3481.0,3481.0,True
10009180,雲林縣,四湖鄉,8542,20171,11012,9159,2,1,1,8,650,100,1560,580,2310,4034.2,3454.2,True
10015110,花蓮縣,秀林鄉,5377,17181,8710,8471,4,4,2,0,330,510,200,0,1040,3436.2,3436.2,True
10010150,嘉義縣,梅山鄉,6949,17152,9067,8085,6,3,7,0,1150,550,500,0,2200,3430.4,3430.4,True
10015060,花蓮縣,壽豐鄉,7639,16578,8744,7834,11,6,2,0,459,242,79,0,780,3315.6,3315.6,True
10009080,雲林縣,大埤鄉,6995,17444,9245,8199,0,1,5,1,0,100,612,187,712,3488.8,3301.8,True
10007150,彰化縣,埔心鄉,12331,33029,16950,16079,0,0,0,9,0,0,0,3326,0,6605.8,3279.8,True
10014040,臺東縣,卑南鄉,7071,16253,8407,7846,16,1,2,0,830,30,110,0,970,3250.6,3250.6,True
10009100,雲林縣,林內鄉,6301,16240,8478,7762,2,4,8,0,130,335,650,0,1115,3248.0,3248.0,True
10005100,苗栗縣,銅鑼鄉,6451,16034,8474,7560,10,5,0,0,360,210,0,0,570,3206.8,3206.8,True
10008100,南投縣,國姓鄉,7073,15889,8574,7315,26,3,0,0,1470,200,0,0,1670,3177.8,3177.8,True
10013190,屏東縣,林邊鄉,6665,15771,7972,7799,0,2,1,0,0,300,200,0,500,3154.2,3154.2,True
10008070,南投縣,鹿谷鄉,7815,15415,8232,7183,13,2,1,0,2710,450,200,0,3360,3083.0,3083.0,True
10008110,南投縣,水里鄉,7128,15389,8034,7355,21,5,0,0,6120,500,0,0,6620,3077.8,3077.8,True
10009200,雲林縣,水林鄉,9545,21694,11902,9792,2,6,3,5,450,1650,1100,1300,3200,4338.8,3038.8,True
67000080,臺南市,下營區,9499,21694,11166,10528,0,0,5,7,0,0,1080,1330,1080,4338.8,3008.8,True
67000050,臺南市,後壁區,9028,20755,10713,10042,1,6,12,10,45,825,1845,1176,2715,4151.0,2975.0,True
10005130,苗栗縣,三義鄉,5818,14482,7687,6795,0,0,0,0,0,0,0,0,0,2896.4,2896.4,True
10005070,苗栗縣,卓蘭鎮,5795,14429,7537,6892,8,3,0,0,1450,400,0,0,1850,2885.8,2885.8,True
67000160,臺南市,將軍區,7129,17566,8961,8605,1,4,11,3,50,250,2500,650,2800,3513.2,2863.2,True
10009120,雲林縣,崙背鄉,9187,22185,11720,10465,0,0,7,7,0,0,3839,1585,3839,4437.0,2852.0,True
10009190,雲林縣,口湖鄉,9229,23908,12712,11196,1,5,7,12,400,1050,650,1940,2100,4781.6,2841.6000000000004,True
10008090,南投縣,魚池鄉,5755,14077,7390,6687,15,5,4,0,980,525,555,0,2060,2815.4,2815.4,True
10013180,屏東縣,崁頂鄉,4784,14430,7228,7202,1,0,2,1,200,0,400,150,600,2886.0,2736.0,True
66000200,臺中市,石岡區,5120,13652,7015,6637,6,4,0,0,390,330,0,0,720,2730.4,2730.4,True
10007240,彰化縣,大城鄉,5204,14099,7611,6488,2,2,7,1,200,200,700,100,1100,2819.8,2719.8,True
10013210,屏東縣,佳冬鄉,7172,17261,8869,8392,0,0,0,3,0,0,0,739,0,3452.2,2713.2,True
10010030,嘉義縣,布袋鎮,9867,23487,12005,11482,3,2,4,10,950,1136,2879,2059,4965,4697.4,2638.3999999999996,True
10007180,彰化縣,二水鄉,5401,13170,6930,6240,7,11,0,0,545,993,0,0,1538,2634.0,2634.0,True
10008120,南投縣,信義鄉,5256,14859,7910,6949,23,12,0,5,3240,1775,0,380,5015,2971.8,2591.8,True
68000130,桃園市,復興區,4151,13334,6923,6411,2,0,2,1,90,0,97,80,187,2666.8,2586.8,True
64000270,高雄市,永安區,5842,13467,6662,6805,1,1,2,1,50,50,160,120,260,2693.4,2573.4,True
10010100,嘉義縣,義竹鄉,7026,15792,8254,7538,1,6,4,3,200,2440,430,590,3070,3158.4,2568.4,True
10008080,南投縣,中寮鄉,5624,12806,6995,5811,21,0,0,0,1380,0,0,0,1380,2561.2,2561.2,True
10014020,臺東縣,成功鎮,5536,12734,6649,6085,13,2,1,0,990,70,30,0,1090,2546.8,2546.8,True
67000230,臺南市,玉井區,5439,12648,6531,6117,5,3,0,0,690,710,0,0,1400,2529.6,2529.6,True
64000350,高雄市,內門區,5272,12513,6736,5777,13,0,0,0,1570,0,0,0,1570,2502.6,2502.6,True
10005080,苗栗縣,大湖鄉,5146,12261,6545,5716,14,2,2,0,1700,200,200,0,2100,2452.2,2452.2,True
67000150,臺南市,七股區,8125,20471,10592,9879,9,8,5,6,1118,964,843,1652,2925,4094.2,2442.2,True
10007250,彰化縣,竹塘鄉,4917,13904,7319,6585,0,1,4,4,0,200,350,400,550,2780.8,2380.8,True
10004080,新竹縣,橫山鄉,4520,11900,6403,5497,8,0,0,0,690,0,0,0,690,2380.0,2380.0,True
10005150,苗栗縣,造橋鄉,4509,11518,6114,5404,2,2,0,0,210,600,0,0,810,2303.6,2303.6,True
10015070,花蓮縣,光復鄉,5223,11474,6012,5462,9,5,0,0,1050,680,0,0,1730,2294.8,2294.8,True
10009170,雲林縣,元長鄉,9391,22438,12244,10194,0,1,2,8,0,200,400,2200,600,4487.6,2287.6000000000004,True
10013140,屏東縣,竹田鄉,5975,15325,8158,7167,1,1,1,2,200,200,60,800,460,3065.0,2265.0,True
09020050,金門縣,烈嶼鄉,3457,12004,5912,6092,0,0,0,6,0,0,0,250,0,2400.8,2150.8,True
10007040,彰化縣,線西鄉,5400,15988,8237,7751,0,0,0,11,0,0,0,1080,0,3197.6,2117.6,True
64000340,高雄市,杉林區,4850,10523,5751,4772,15,3,0,0,3187,260,0,0,3447,2104.6,2104.6,True
66000290,臺中市,和平區,4736,10466,5542,4924,4,0,0,0,420,0,0,0,420,2093.2,2093.2,True
65000260,新北市,貢寮區,4247,10395,5269,5126,14,1,2,0,3655,62,140,0,3857,2079.0,2079.0,True
10015090,花蓮縣,瑞穗鄉,4783,10367,5519,4848,11,2,5,0,740,60,435,0,1235,2073.4,2073.4,True
10014090,臺東縣,太麻里鄉,4904,10358,5455,4903,8,0,5,0,560,0,420,0,980,2071.6,2071.6,True
10009140,雲林縣,東勢鄉,5845,12821,7101,5720,3,0,7,7,188,0,1029,528,1217,2564.2,2036.1999999999998,True
10015020,花蓮縣,鳳林鎮,4408,10082,5232,4850,2,8,7,0,80,1040,730,0,1850,2016.4,2016.4,True
10010160,嘉義縣,番路鄉,4481,10538,5623,4915,8,3,10,2,1197,1559,1418,115,4174,2107.6,1992.6,True
65000220,新北市,石門區,4250,9953,5196,4757,12,2,1,0,2856,733,25,0,3614,1990.6,1990.6,True
10008050,南投縣,集集鎮,4384,9943,5127,4816,3,0,0,0,370,0,0,0,370,1988.6,1988.6,True
10013200,屏東縣,南州鄉,3983,9597,4886,4711,2,0,0,0,145,0,0,0,145,1919.4,1919.4,True
67000170,臺南市,北門區,3928,9395,4737,4658,1,2,2,0,600,250,480,0,1330,1879.0,1879.0,True
10016030,澎湖縣,白沙鄉,3765,10126,5184,4942,0,0,0,2,0,0,0,152,0,2025.2,1873.2,True
10015100,花蓮縣,富里鄉,4040,9365,4969,4396,7,5,0,0,370,330,0,0,700,1873.0,1873.0,True
10005120,苗栗縣,頭屋鄉,3760,9351,4992,4359,5,0,0,0,500,0,0,0,500,1870.2,1870.2,True
64000320,高雄市,六龜區,5408,11228,6029,5199,14,5,0,2,4310,604,0,400,4914,2245.6,1845.6,True
10013150,屏東縣,新埤鄉,3569,8974,4707,4267,0,1,2,0,0,250,950,0,1200,1794.8,1794.8,True
10009150,雲林縣,褒忠鄉,4630,11461,6142,5319,0,2,3,3,0,450,650,500,1100,2292.2,1792.1999999999998,True
10004120,新竹縣,尖石鄉,2990,9449,4922,4527,8,3,5,2,470,190,395,100,1055,1889.8,1789.8,True
10016020,澎湖縣,湖西鄉,6818,16199,8436,7763,0,0,0,13,0,0,0,1488,0,3239.8,1751.8000000000002,True
10004100,新竹縣,寶山鄉,6636,14586,7837,6749,7,1,0,2,5252,624,0,1182,5876,2917.2,1735.1999999999998,True
10005110,苗栗縣,南庄鄉,3814,8566,4679,3887,9,2,1,0,900,80,50,0,1030,1713.2,1713.2,True
10013070,屏東縣,麟洛鄉,4373,10402,5304,5098,0,0,0,4,0,0,0,380,0,2080.4,1700.4,True
67000110,臺南市,大內區,3663,8412,4508,3904,2,5,0,0,80,1100,0,0,1180,1682.4,1682.4,True
67000240,臺南市,楠西區,3554,8359,4409,3950,3,2,0,0,760,730,0,0,1490,1671.8,1671.8,True
10004090,新竹縣,北埔鄉,3184,8281,4521,3760,7,2,0,0,2760,115,0,0,2875,1656.2,1656.2,True
10014030,臺東縣,關山鎮,3238,7749,3973,3776,4,6,0,0,400,890,0,0,1290,1549.8,1549.8,True
10013230,屏東縣,車城鄉,3544,7664,4078,3586,5,1,0,0,789,100,0,0,889,1532.8,1532.8,True
09007010,連江縣,南竿鄉,2386,7636,4317,3319,0,0,0,7,0,0,0,0,0,1527.2,1527.2,True
10010060,嘉義縣,溪口鄉,5321,12566,6750,5816,1,5,2,1,250,1105,290,1000,1645,2513.2,1513.1999999999998,True
10013220,屏東縣,琉球鄉,5227,12065,6523,5542,0,0,0,6,0,0,0,900,0,2413.0,1513.0,True
67000250,臺南市,南化區,2832,7563,4066,3497,7,1,1,0,660,110,80,0,850,1512.6,1512.6,True
10014060,臺東縣,池上鄉,3190,7512,3832,3680,5,4,7,0,450,340,1100,0,1890,1502.4,1502.4,True
65000250,新北市,雙溪區,3516,7415,4033,3382,12,0,0,0,4813,0,0,0,4813,1483.0,1483.0,True
10013300,屏東縣,來義鄉,2376,7275,3591,3684,3,3,0,0,400,300,0,0,700,1455.0,1455.0,True
10013260,屏東縣,三地門鄉,2468,7579,3777,3802,7,4,2,2,630,250,120,70,1000,1515.8,1445.8,True
10014050,臺東縣,鹿野鄉,3038,6942,3656,3286,7,5,5,0,370,130,190,0,690,1388.4,1388.4,True
10013240,屏東縣,滿州鄉,2989,6920,3738,3182,13,0,0,0,910,0,0,0,910,1384.0,1384.0,True
65000190,新北市,石碇區,3321,6891,3757,3134,4,1,1,0,1602,100,299,0,2001,1378.2,1378.2,True
67000220,臺南市,山上區,2784,6772,3588,3184,5,4,0,0,1200,1450,0,0,2650,1354.4,1354.4,True
10014080,臺東縣,長濱鄉,2941,6440,3555,2885,13,2,4,0,1430,170,420,0,2020,1288.0,1288.0,True
10008130,南投縣,仁愛鄉,4958,15314,7884,7430,7,5,2,15,1130,800,140,1790,2070,3062.8,1272.8000000000002,True
10002120,宜蘭縣,南澳鄉,2191,6197,3126,3071,9,4,0,0,478,146,0,0,624,1239.4,1239.4,True
65000290,新北市,烏來區,1912,6180,3001,3179,7,0,0,0,647,0,0,0,647,1236.0,1236.0,True
65000200,新北市,坪林區,2553,6143,3297,2846,6,1,0,0,1590,10,0,0,1600,1228.6,1228.6,True
64000220,高雄市,田寮區,2953,6104,3376,2728,4,0,0,0,270,0,0,0,270,1220.8,1220.8,True
10002110,宜蘭縣,大同鄉,2081,5968,3205,2763,5,2,1,0,478,173,92,0,743,1193.6,1193.6,True
10013280,屏東縣,瑪家鄉,2318,6651,3310,3341,1,1,0,1,158,148,0,150,306,1330.2,1180.2,True
10005140,苗栗縣,西湖鄉,2584,5868,3326,2542,5,0,0,0,700,0,0,0,700,1173.6,1173.6,True
10015130,花蓮縣,卓溪鄉,1747,5838,3146,2692,10,0,3,0,600,0,192,0,792,1167.6,1167.6,True
10014070,臺東縣,東河鄉,3664,7702,4185,3517,5,2,0,3,861,100,0,385,961,1540.4,1155.4,True
10005160,苗栗縣,三灣鄉,2292,5648,3097,2551,8,0,0,0,760,0,0,0,760,1129.6,1129.6,True
10009110,雲林縣,二崙鄉,9461,24098,12889,11209,0,1,1,5,0,500,200,3700,700,4819.6,1119.6000000000004,True
10015120,花蓮縣,萬榮鄉,2192,6049,3155,2894,0,4,2,1,0,280,150,100,430,1209.8,1109.8,True
10014100,臺東縣,大武鄉,2486,5304,2773,2531,9,0,0,0,1600,0,0,0,1600,1060.8,1060.8,True
64000330,高雄市,甲仙區,2294,5253,2761,2492,10,1,0,0,2241,80,0,0,2321,1050.6,1050.6,True
10013290,屏東縣,泰武鄉,1530,5187,2650,2537,5,1,0,0,900,100,0,0,1000,1037.4,1037.4,True
10004110,新竹縣,峨眉鄉,2121,4970,2730,2240,8,1,0,0,4662,75,0,0,4737,994.0,994.0,True
10013250,屏東縣,枋山鄉,2040,4925,2558,2367,5,2,0,0,390,140,0,0,530,985.0,985.0,True
10005180,苗栗縣,泰安鄉,1975,5412,2924,2488,7,3,2,1,690,400,200,110,1290,1082.4,972.4000000000001,True
10013310,屏東縣,春日鄉,1544,4848,2464,2384,2,1,3,0,250,100,310,0,660,969.6,969.6,True
10013320,屏東縣,獅子鄉,1664,4816,2456,2360,5,1,0,0,180,40,0,0,220,963.2,963.2,True
10014160,臺東縣,蘭嶼鄉,2029,5199,2606,2593,2,0,1,1,600,0,500,100,1100,1039.8,939.8,True
10013330,屏東縣,牡丹鄉,2092,4670,2305,2365,4,1,1,0,1050,304,250,0,1604,934.0,934.0,True
10016050,澎湖縣,望安鄉,2024,5300,2823,2477,0,0,0,1,0,0,0,150,0,1060.0,910.0,True
10004130,新竹縣,五峰鄉,1787,4390,2347,2043,2,2,0,0,150,160,0,0,310,878.0,878.0,True
10014120,臺東縣,海端鄉,1142,4339,2237,2102,4,0,5,0,338,0,480,0,818,867.8,867.8,True
10014110,臺東縣,綠島鄉,1297,4312,2316,1996,4,1,2,0,480,300,260,0,1040,862.4,862.4,True
64000370,高雄市,桃源區,1459,4158,2161,1997,13,0,2,0,4992,0,188,0,5180,831.6,831.6,True
10010170,嘉義縣,大埔鄉,1866,4154,2103,2051,4,7,1,0,207,673,150,0,1030,830.8,830.8,True
67000260,臺南市,左鎮區,1783,4094,2329,1765,6,0,0,0,570,0,0,0,570,818.8,818.8,True
10015080,花蓮縣,豐濱鄉,1718,4071,2280,1791,4,2,0,1,0,200,0,0,200,814.2,814.2,True
10005170,苗栗縣,獅潭鄉,1743,3930,2148,1782,13,0,0,0,2680,0,0,0,2680,786.0,786.0,True
65000240,新北市,平溪區,2101,3885,2197,1688,12,0,0,0,2310,0,0,0,2310,777.0,777.0,True
10009160,雲林縣,臺西鄉,8427,20678,11036,9642,2,2,2,6,700,250,450,3380,1400,4135.6,755.6000000000004,True
10014140,臺東縣,金峰鄉,1224,3685,1855,1830,4,2,0,0,400,130,0,0,530,737.0,737.0,True
10016040,澎湖縣,西嶼鄉,3217,8020,4119,3901,0,0,0,9,0,0,0,875,0,1604.0,729.0,True
10014130,臺東縣,延平鄉,1087,3554,1825,1729,4,1,0,0,160,30,0,0,190,710.8,710.8,True
10010110,嘉義縣,鹿草鄉,5892,13415,7298,6117,0,7,0,3,0,1240,0,1980,1240,2683.0,703.0,True
10014150,臺東縣,達仁鄉,1448,3451,1838,1613,10,1,5,0,1060,200,607,0,1867,690.2,690.2,True
67000300,臺南市,龍崎區,1432,3212,1765,1447,2,3,1,0,70,390,30,0,490,642.4,642.4,True
10013270,屏東縣,霧臺鄉,1121,3167,1601,1566,2,1,3,0,280,40,410,0,730,633.4,633.4,True
64000380,高雄市,那瑪夏區,953,3107,1591,1516,2,1,0,0,480,300,0,0,780,621.4,621.4,True
10010180,嘉義縣,阿里山鄉,1843,5170,2691,2479,5,2,0,7,270,190,0,500,460,1034.0,534.0,True
09007020,連江縣,北竿鄉,953,2917,1669,1248,0,0,0,8,0,0,0,100,0,583.4,483.4,True
64000360,高雄市,茂林區,638,1857,910,947,4,2,0,0,570,350,0,0,920,371.4,371.4,True
09007040,連江縣,東引鄉,376,1525,961,564,0,0,0,3,0,0,0,0,0,305.0,305.0,True
09020060,金門縣,烏坵鄉,129,594,307,287,0,0,0,2,0,0,0,50,0,118.8,68.8,True
10010070,嘉義縣,新港鄉,11347,28953,15272,13681,8,2,0,10,3688,1729,0,6930,5417,5790.6,0.0,False
10016060,澎湖縣,七美鄉,1559,3934,1992,1942,0,0,0,10,0,0,0,1639,0,786.8,0.0,False
09007030,連江縣,莒光鄉,372,1553,983,570,0,0,0,5,0,0,0,550,0,310.6,0.0,False
